{"cameraMode":{"drawMode":0,"name":"Shaded","section":"Shading Mode"},"sceneLighting":true,"audioPlay":false,"sceneViewState":{"showFog":false,"showMaterialUpdate":false,"showSkybox":false,"showFlares":false,"showImageEffects":false,"showParticleSystems":false},"in2DMode":false,"pivot":{"x":1124.993408203125,"y":2964.721923828125,"z":-98.64794921875},"rotation":{"x":0.03516923263669014,"y":0.8953372240066528,"z":-0.43814313411712649,"w":0.07186831533908844},"size":4.687042236328125,"orthographic":false}